node_id,idValue,idType,createDate
1,qmmotwCOwF,FUuvBpJeed,24-Aug-2016
2,AdeEGwDfDu,DeHshvcyPl,17-Feb-2006
3,JtjlRGxCJP,QpOJNsObHP,09-Feb-1989
4,yMKQxzRFEG,TjzbPZtHki,29-Aug-1999
5,zXJSvraapX,GjBwzMBTjT,25-Aug-1986
6,sQPtSiEqLc,gZAFZmlwiG,31-Aug-2013
7,SAEnbQnnPH,HAUlABTsIU,11-Dec-1988
8,JCJeuxfaLU,wQmMfeqKaf,13-Sep-1988
9,JNkrNSZLcz,PgmDYxtEbb,20-Nov-1991
10,QmklvkoMAC,dFpcSbMQnW,26-Oct-1989
11,OHrvJuOOzj,LntELLVnkI,20-Feb-1976
12,tFuzrPhzbV,kbWGCtwKDN,07-Jul-1992
13,GDnOXAsjQb,wtsJNpkWFP,17-Dec-1977
14,rbxidVsQLY,dugxxtOjlD,01-Jan-1977
15,PgbMtQbnDS,WNotJPuyIi,13-Jul-1974
16,tBivpoLLzJ,HzcpFObkXY,15-Mar-1994
17,RSmBEOWKjT,BEnvCYEYFc,13-Jun-1975
18,vLdIwPYLpG,iWpIboGKgd,24-Nov-2019
19,agBDzDDnGB,UhulSFFQoE,05-Jan-1986
20,FgSkZozzZl,vYlHQYkmYS,01-Jun-2007
21,pcJorjkWvi,FDIvOQwmiP,20-Jun-2018
22,fVieNECaYH,gQSJGrWGJt,06-Jan-1998
23,dRENRxvtBq,ztECGXgQPs,19-Oct-2007
24,wTRDoPnSuY,NtWnDbGvxc,04-May-1997
25,CBuNLyhnZX,TMuBvEKUlt,31-May-2020
26,NLeKqRcWxA,HVipMDMrKU,03-Jan-1975
27,OtKxpLSXeq,gxwBGeLSqX,26-Feb-1995
28,LgCUubdhxD,CFGsMFdHpD,14-Dec-1987
29,OGOzFRzHOg,NpWiDFNmZB,05-Jan-2013
30,MgqBiJEUAX,huMyHwsOKC,13-Jul-2000
31,zpkezOZRrt,dvwYFaEABb,29-May-2002
32,VBcDcBwVOa,oTsjjoaYfv,21-Sep-2001
33,rMZtduijOd,LYCiOieaIQ,08-Sep-1982
34,SCZpFeatli,VDzDRtQYuX,05-Feb-2004
35,yITTfbhkFI,oFpSANAWnJ,11-Feb-1974
36,pMRISHKdMg,TqpXIZXqTW,13-May-1972
37,QpSlPoPpFj,klcheAySeX,18-Jun-1990
38,RnIHlwXygB,UGhIkaRFkg,15-Jan-1990
39,QBpOembZbY,mbLzssnrtM,05-Oct-2018
40,RrUcVDeMwc,AKGtIRjdzk,25-Jul-2014
41,MFQzkYpqxl,spQkFRIFpI,02-Mar-1989
42,VbfQyWGLPa,gYMHterlWn,27-Nov-2003
43,wmkmMuLllz,uvUMvqCdjh,12-Sep-1987
44,HdyQAVtKqf,HCnvsmujul,21-Jul-2017
45,njiqwKqpVN,xdCKMDqHXU,04-Aug-2019
46,BCfXTmaGGm,ZtUqjvuDdp,05-Oct-1998
47,qHoAxyQyUT,lIhqVFAsmA,01-Mar-1977
48,hPElbyvJog,aWxgLwPWGw,03-Jan-2018
49,CgYVfeIDbe,CljqnBmJYS,23-Dec-2008
50,ByqSXnIVLi,QmnFZqygGm,23-May-2018
51,NATaUXBCJy,ihPRbPucoA,11-Oct-2013
52,NtFxAkrqPh,ACAtPEBeFm,07-Aug-1996
53,ppwUwgjzlW,fjzsEhjTwu,02-Mar-1970
54,KIYhvRpUAY,VCxhpxujlJ,27-May-2018
55,bYFceKdvgT,xbXUuSoRgB,01-Jan-1997
56,QwyjKcHxtw,qdFwhexLaK,29-May-1990
57,CQlNaBhwOR,uqLlntRFdn,02-Apr-1971
58,yJDqaDRoOd,IvbGNLMYJq,06-Apr-2005
59,BYLWcAjFFL,oqnIiKrRqm,09-Jan-1998
60,QaLFTUSCDy,uunkQIpvRo,08-Sep-1980
61,VyEyRQLOyO,kYtZIInhYG,06-Feb-2019
62,qxusaoxiFO,ORzBhfpNGo,16-Oct-1977
63,AtSjGfnmXn,QtExEBRuXN,21-Dec-2005
64,QitMlyBFZW,SEeHMPxVrH,22-Feb-2013
65,NHuFSisKTD,njabtvJSVw,22-Feb-1983
66,ybUKSscoqN,xWQYWkJjrf,30-Jan-1991
67,ssDeMahswu,BdoLVGXEbb,19-Nov-1988
68,yCBoFpurSO,uQVLJsenav,06-Sep-1998
69,xBHCXdUojP,mXLVlAIEDn,21-Sep-1996
70,klNYKmBMtt,rtAGKElhPp,22-Aug-2006
71,yCfkUSZpkP,UnBBNlfLzl,22-Apr-1973
72,SQzOrDJvgP,fhTUUmxKWz,19-Dec-2004
73,KGYkTDxyFE,arRZiiHDlN,21-May-2001
74,FfsVyGNNUM,wHAyPVgsGX,20-Feb-2000
75,xZKZqeylJr,XDQhFboJly,05-Sep-2014
76,UsGlcYWBOs,fsqiLKVTJu,28-Nov-1989
77,NRZbRwtltZ,nGVhtSmvUM,08-Dec-2016
78,pEqGyIXmnR,JaPLgnowmH,25-May-1975
79,YGHnevoYZQ,cHXoNdMqHv,02-Mar-1976
80,PkMbkhLUTp,xBBXpbinKD,19-Jul-2000
81,DDwAFtyTLh,SPCvGWYRhK,10-Jan-1980
82,eQXBtDEZwZ,iJXPVFKynR,23-Jan-2014
83,zCCPffiqMZ,QSuxKrClJF,06-Apr-1998
84,wKUCFfefEY,yIuvdsxXes,13-Mar-2011
85,vTcyOktIJk,nxeiOugHnq,01-Jul-1993
86,WqCdduqCjc,cxetllbGIn,02-Aug-1971
87,UpwUgEhgcR,gJSuLOWTkT,18-Aug-1997
88,ZqzEHtiYwT,agJbXHCVuB,30-Oct-1999
89,txxDNYPWMg,bvZAdLWcUC,28-May-2009
90,VniRQWwQUp,fNGfdSXzRE,01-Jan-1974
91,zOXxVJGViU,kfGxOMdKSO,19-Jun-1982
92,evjerwFeFU,KtzzCKErwN,03-Jul-1979
93,WgwfyFrtxn,JHZkdlEXYl,05-Oct-1980
94,BMINuBElWn,qLKDpjgHaD,09-Jul-1971
95,PAaCiJkrpg,JKYVezryKJ,26-Jun-1980
96,tauHGtxhgx,RCUUeKdLCW,14-Apr-2000
97,jdRAJHRLxF,KNohaSwpuq,24-Mar-2009
98,dfsCkpYlLw,qFmcszTxgU,10-Apr-2011
99,jerntHurMj,TAKptbwDym,06-Sep-1975
100,DJXTJofVDR,YeAmciOFgu,29-Feb-2008
